<?xml version="1.0" encoding="UTF-8" standalone="no"?><TaskList Version="2.0"><Task Active="false" ConnectorKind="github" CreationDate="2015-05-20 13:44:49.0 +0100" DueDate="" EndDate="" Estimated="0" Handle="https://github.com/ahiscock16/Com_Ven-3" IssueURL="https://github.com/ahiscock16/Com_Ven/issues/issue/3" Key="3" Kind="task" Label="Frames" MarkReadPending="true" ModificationDate="2015-05-20 13:44:49.0 +0100" Notes="" NotifiedIncoming="false" Owner="" Priority="P3" Reminded="false" RepositoryUrl="https://github.com/ahiscock16/Com_Ven" ScheduledEndDate="2015-05-24 23:59:59.999 +0100" ScheduledStartDate="2015-05-18 00:00:00.0 +0100" Stale="false" TaskId="3" offlineSyncState="SYNCHRONIZED"/><Task Active="false" ConnectorKind="local" CreationDate="2015-05-20 13:43:18.442 +0100" DueDate="" EndDate="" Estimated="0" Handle="local-1" Kind="task" Label="New Task" LastModified="now" MarkReadPending="true" ModificationDate="" Notes="" NotifiedIncoming="true" Owner="local" Priority="P3" Reminded="false" RepositoryUrl="local" ScheduledEndDate="2015-05-24 23:59:59.999 +0100" ScheduledStartDate="2015-05-18 00:00:00.0 +0100" Stale="false" TaskId="1" offlineSyncState="OUTGOING_NEW"><Attribute Key="outgoingNewRepositoryUrl">https://github.com/ahiscock16/Com_Ven</Attribute><Attribute Key="outgoingNewConnectorKind">github</Attribute></Task><Task Active="false" ConnectorKind="local" CreationDate="2015-05-20 13:43:42.373 +0100" DueDate="" EndDate="" Estimated="0" Handle="local-2" Kind="task" Label="New Task" LastModified="now" MarkReadPending="true" ModificationDate="" Notes="" NotifiedIncoming="true" Owner="local" Priority="P3" Reminded="false" RepositoryUrl="local" ScheduledEndDate="2015-05-24 23:59:59.999 +0100" ScheduledStartDate="2015-05-18 00:00:00.0 +0100" Stale="false" TaskId="2" offlineSyncState="OUTGOING_NEW"><Attribute Key="outgoingNewRepositoryUrl">https://github.com/ahiscock16/Com_Ven</Attribute><Attribute Key="outgoingNewConnectorKind">github</Attribute></Task><TaskCategory Handle="Uncategorized" Name="Uncategorized"/></TaskList>