<?xml version="1.0" encoding="UTF-8" standalone="no"?><TaskList Version="2.0"><Task Active="false" ConnectorKind="local" CreationDate="2015-05-20 13:43:18.442 +0100" DueDate="" EndDate="" Estimated="0" Handle="local-1" Kind="task" Label="New Task" LastModified="now" MarkReadPending="true" ModificationDate="" Notes="" NotifiedIncoming="true" Owner="local" Priority="P3" Reminded="false" RepositoryUrl="local" ScheduledEndDate="2015-05-24 23:59:59.999 +0100" ScheduledStartDate="2015-05-18 00:00:00.0 +0100" Stale="false" TaskId="1" offlineSyncState="OUTGOING_NEW"><Attribute Key="outgoingNewRepositoryUrl">https://github.com/ahiscock16/Com_Ven</Attribute><Attribute Key="outgoingNewConnectorKind">github</Attribute></Task><Task Active="false" ConnectorKind="local" CreationDate="2015-05-20 13:44:34.164 +0100" DueDate="" EndDate="" Estimated="0" Handle="local-3" Kind="task" Label="Frames" LastModified="now" MarkReadPending="true" ModificationDate="" Notes="" NotifiedIncoming="true" Owner="local" Priority="P3" Reminded="false" RepositoryUrl="local" ScheduledEndDate="2015-05-24 23:59:59.999 +0100" ScheduledStartDate="2015-05-18 00:00:00.0 +0100" Stale="false" TaskId="3" offlineSyncState="OUTGOING_NEW"><Attribute Key="outgoingNewRepositoryUrl">https://github.com/ahiscock16/Com_Ven</Attribute><Attribute Key="outgoingNewConnectorKind">github</Attribute></Task><Task Active="false" ConnectorKind="local" CreationDate="2015-05-20 13:43:42.373 +0100" DueDate="" EndDate="" Estimated="0" Handle="local-2" Kind="task" Label="New Task" LastModified="now" MarkReadPending="true" ModificationDate="" Notes="" NotifiedIncoming="true" Owner="local" Priority="P3" Reminded="false" RepositoryUrl="local" ScheduledEndDate="2015-05-24 23:59:59.999 +0100" ScheduledStartDate="2015-05-18 00:00:00.0 +0100" Stale="false" TaskId="2" offlineSyncState="OUTGOING_NEW"><Attribute Key="outgoingNewRepositoryUrl">https://github.com/ahiscock16/Com_Ven</Attribute><Attribute Key="outgoingNewConnectorKind">github</Attribute></Task><TaskCategory Handle="Uncategorized" Name="Uncategorized"/></TaskList>